"","team.Number","nickname","seed.Strength","winning.Margin.Elo","total.Points","winning.Margin","ranking.Points","auto.Points","teleop.Excluding.Endgame.Points","endgame.Points","auto.Elo.Points","scale.Elo.Points","switch.and.Scale.Elo.Points","win","opponent.Switch.Deactivated.Seconds","placeholder","auto.Run.Points","auto.Run.Rate","auto.Switch.Ownership.Seconds","auto.Switch.At.Zero","auto.Scale.Ownership.Seconds","auto.Scale.Ownership.Margin","auto.Ownership.Points","auto.Ownership.Points.Margin","auto.Quest.Ranking.Point","teleop.Switch.Ownership.Seconds","teleop.Switch.Force.Seconds","teleop.Switch.Boost.Seconds","teleop.Scale.Ownership.Seconds","teleop.Scale.Force.Seconds","teleop.Scale.Boost.Seconds","teleop.Ownership.Points","teleop.Ownership.Points.Margin","vault.Force.Played","vault.Force.Total","average.Force.Efficiency","vault.Levitate.Played","vault.Levitate.Total","average.Levitate.Efficiency","vault.Boost.Played","vault.Boost.Total","average.Boost.Efficiency","vault.Points","parking.Points","climbing.Points","levitate.Points","climb.Rate","adjusted.Levitate.Rate","adjusted.Climb.Or.Levitate.Rate","adjusted.Individual.Endgame.Points","face.The.Boss.Ranking.Point","foul.Count","fouls.Drawn","tech.Foul.Count","tech.Fouls.Drawn","foul.Points","foul.Points.Drawn","tba.Ranking.Points.Earned","Chairman's.Strength.(mCA)"
"1",120,"Cleveland's Team",3,1589.80788285274,143.017023846723,51.6139045594753,0.932662127964842,18.78599831367,98.0535011446005,30.1289698224213,-1,-1,-1,0.400445609594935,9.31782704536541,-1,5.76743129165268,1,5.04345127603747,0.586546469890106,1.53741059038887,2.91985421254246,13.1617237328527,5.38958903621048,0.519743496726633,57.6676685010461,5.40385615260082,4.48944463124992,21.2056827733967,7.08833108511415,1.70541512661239,75.113143564067,14.4251112119498,1.94783473050971,1.92360431185598,0.359172831414979,1.1567631190756,1.13560362478201,0.428633181402423,1.90605081895389,1.79782404423081,-0.0311730255420694,23.1444860499486,2.34927214237604,17.9598998912095,11.567631190756,0.615384615384615,0.333333333333333,0.782051282051282,25.3846153846154,0.126458485920876,-0.0246816623734119,0.421067085580686,0.0701511320605404,0.22563534845125,2.54895410976662,7.74621913918469,-1,-99700
"2",360,"The Revolution",3,1687.07901579219,170.443627866111,93.4277146071058,1.19774927541392,15.4597087811941,115.781344253582,22.3649581344774,-0.999999999999999,-0.999999999999999,-0.999999999999999,0.462950796083446,30.7802362657189,-0.999999999999999,5.53942581931034,1,4.7168603913429,0.562670807087036,1.37612349413453,1.22992477426641,10.1735280268383,4.69058858130883,0.37089149510566,58.974457461446,0.983661465950691,4.61703057641687,37.58791519102,5.16491893251336,2.51074446228462,99.8504451288948,59.831115084501,1.03827089727453,1.15308136517371,0.301189653192674,0.921871107637422,1.11105217626015,0.335879604305005,1.19899640110813,1.14570234184097,0.268432597127066,15.9308991246869,1.81501403601678,13.3096415624847,9.21871107637422,0.0714285714285714,0.44047619047619,0.511904761904762,16.4285714285714,0.117537908350193,-0.317991420205295,0.27424603272725,-0.00329486883052456,0.712582924411502,1.71139753552382,17.8315707016788,-0.999999999999999,NA
"3",364,"Team Fusion",3,1746.99585390831,219.112069418313,188.089804730898,1.54106912056554,23.1521694993214,146.964266605409,42.3306723977886,-1,-1,-1,0.440346676580908,24.0997185529839,-1,5.24990398292904,1,8.76890433256131,0.919347332263255,0.182228425634857,0.175425897168804,17.9022655163923,10.5697818392611,0.579289925227437,75.8261583181838,3.27822392324575,3.31905400477308,69.4558399938819,1.9656401356615,3.05382696134731,131.720040938087,135.326785212361,0.751357075052786,0.728656395977077,0.411979823765401,1.83121630212301,1.63531867761188,0.48575387873388,1.10181195307646,1.25739379293373,0.239533173400682,15.5549830171279,1.73750465052014,24.094870558931,18.3121630212301,0.625,0.266666666666667,0.791666666666667,25.3125,0.0114591800221762,-0.536128481137113,0.702813116070365,0.137015037155756,0.88846050535048,0.927046236386739,25.7255782141138,-1,2664.74165619749
"4",568,"Nerds of the North",3,1496.15984233496,101.719144922472,11.2406547709357,0.708662564913956,9.0140651916243,59.7393261494057,31.2995109857979,-0.999999999999999,-0.999999999999999,-0.999999999999999,0.40436968598643,8.23960576537291,-0.999999999999999,5.52316770384199,1,1.62966953438139,0.304458498717073,0.556573372388241,0.742960202780631,4.37248581353925,3.08015374753919,0.263033610658008,33.9300168475328,0.892023860987017,0.900515843619383,23.3976436667341,0.857015821862741,0.589878049057758,57.7973808707659,18.2396691577626,0.235215907879521,0.124578796932873,0.430311374528576,0.877318903783203,0.959423282502487,0.286212453201192,0.0841786282359674,-0.00358665636960708,0.372750757621949,5.40207711532877,2.41845891080088,22.2068192355887,8.77318903783203,0.5,0.214285714285714,0.714285714285714,22.5,0.0525022363831969,0.249882706995646,0.0226869567530429,0.00937043892338165,0.300467963864581,3.65513232017806,5.16672020051013,-0.999999999999999,974.867484144808
"5",842,"Falcon Robotics",3,1803.67521698867,182.919401126965,133.682311595176,1.52734996363112,20.4114771371666,139.384766289324,26.8771566438411,-0.999999999999999,-0.999999999999999,-0.999999999999999,0.438163351505607,13.565134430869,-0.999999999999999,4.79726321010141,1,7.8324931924121,0.665686225544381,1.11249910031017,1.11999230562352,15.6142139270652,15.7738192805595,0.483091440549256,56.313539839514,1.26301455788359,3.47091552643173,80.4195307257055,-0.0684156661612311,4.36194671137811,130.275954076724,120.957416577227,0.119377255504403,0.0985206581277878,0.369490499467244,0.769094546283308,0.917628608364431,0.301744178207093,1.05533152538762,0.855812376826387,0.368862030926546,9.10881221260028,2.10288318917292,18.9806282849296,7.63407084819437,0.533333333333333,0.333333333333333,0.866666666666667,26,0.0194547035800973,0.341253993844221,0.774439038100284,-0.0900628187341517,0.440523662902966,-0.455153581312296,10.3366806106564,-0.999999999999999,-99344
"6",987,"HIGHROLLERS",3,1760.99942558442,170.45661790706,88.9743231477091,1.04069360263529,13.8454453288645,116.415373695078,25.1622399552269,-0.999999999999999,-0.999999999999999,-0.999999999999999,0.499098069602556,16.2081044262096,-0.999999999999999,5.11640465544822,0.944444444444444,4.25851936156613,0.401807346152519,0.454545304824768,0.131607672094082,8.72904067341632,9.91147750611111,0.37123704146206,62.2954313118445,4.01079251386586,3.55097909775006,32.1210036173322,4.29046236105885,3.47590625123278,99.5978244657066,48.785806288148,1.22124026913289,0.981118176994091,0.4902548246427,1.33099824430995,1.29576580735676,0.350873382344788,1.04314208120814,1.08662586152344,0.495023715969402,16.8175492293715,2.14996452784869,13.4159944284446,12.144230603314,0.785714285714286,0.259259259259259,0.833333333333333,25.7142857142857,0.0393414493237486,-0.016267282286782,0.40556318841553,0.112005857448402,0.755604208437183,2.85293874932631,19.790206500593,-0.999999999999999,-99288
"7",1102,"M'Aiken Magic ",3,1884.63678447709,190.52634748028,160.656470264434,1.42441982458573,12.3051114406173,140.009894578789,32.2458951737733,-1,-1,-1,0.394527119173759,25.6238366593107,-1,5.61077934420688,1,3.06943549637203,0.376630622748524,0.277730551833201,-0.00431749824413614,6.69433209641046,8.3215515333781,0.329500404782755,64.9112808346737,-0.310381577435756,2.94980914558014,63.9245477339364,0.416339351740348,6.00199945544711,129.564364947467,125.295044217017,0.0433608801061053,0.295047722188962,0.283254468508764,0.87344077981949,0.95149864659758,0.29855472509862,1.44636884660154,1.4635470743398,0.340765449430777,12.1246700068878,1.84319589384072,23.4650968207799,8.73440779819491,0.833333333333333,0.233333333333333,0.87962962962963,27.2222222222222,0.0764905786391901,-0.296745575247512,1.04555649939058,-0.161829628556721,0.209978405394473,-4.93843538031099,5.9654462871007,-1,NA
"8",1296,"Full Metal Jackets",3,1703.96957784252,175.856752725937,88.7285603959162,1.29592523945215,10.6190857764488,131.14843664629,29.0489853309896,-1,-1,-1,0.431178229914355,11.8090307833708,-1,4.34264078810008,0.916666666666667,2.41555974309654,0.363903586815068,0.722662751077836,0.0107841821588906,6.27644498834875,2.80934434202213,0.3312032841279,47.5890852432908,5.67239505972845,3.7618586517389,56.2242521336821,3.82477829566146,2.93711375005116,110.512309778763,73.8381005900688,1.34143869855883,1.30324268541059,0.297489575073879,1.84353566736331,1.70712365662793,0.459477865282324,0.947135803276438,1.27969674932604,0.130542738814294,20.6361268675275,3.68854693061514,7.43309569796402,18.4353566736331,0.0833333333333333,0.388888888888889,0.472222222222222,16.6666666666667,0.0149054535486659,-0.122261445997427,1.29001073832268,0.00535594323276634,0.474220151204947,-0.477408649167976,12.6580235862037,-1,-116252.780640068
"9",1318,"Issaquah Robotics Society",3,1778.76048066007,194.62484212279,152.501827908509,1.32155839125291,16.6236637136135,138.088865181387,35.3167720737079,-0.999999999999997,-0.999999999999997,-0.999999999999997,0.395826847608937,34.474112946503,-0.999999999999997,5.49097181108777,1,4.65833933216945,0.629139277636279,1.69096401103579,1.00082238434359,12.0065627298603,11.5856267037998,0.45751184104955,60.8315868962284,2.39817906251161,4.41370483180664,49.8928758462547,3.68044106410122,2.95464003703148,117.925399907977,91.1595971462421,1.09762644404922,1.16024877032218,0.39324720162654,1.69553602661288,1.49722177836066,0.441594974239503,1.05777044561812,1.37522250599914,0.351923955803686,20.1634652734099,2.34538290233306,22.7321467442649,16.9553602661288,0.789473684210526,0.212962962962963,0.850877192982456,26.3157894736842,0.281722220431273,-0.340453860983564,1.5123704907254,-0.314538181542853,0.289892460921761,-7.15843886046994,12.0906514288653,-0.999999999999997,NA
"10",1533,"Triple Strange",3,1716.70099514927,166.615407316116,136.018918396959,1.53645280042955,17.7750843659939,120.29539540384,32.3333276605219,-0.999999999999999,-0.999999999999999,-0.999999999999999,0.353587367398908,40.1974660610754,-0.999999999999999,5.52924877401385,1,6.15704202847657,0.555552576748803,0.394761303995757,0.366479106773107,12.5074199438368,10.3796255663814,0.504748959208174,55.0604310786138,1.12673444916054,4.12111656685772,49.5373405117542,1.86912005523351,2.75896153185405,111.179721229365,109.734050563857,0.416715668256552,0.70832738110323,0.290757213556361,1.40445857042035,1.3554041640672,0.420622576932426,1.2023822011295,1.14442869507535,0.266991585453328,11.0105058640816,3.18424626242607,21.1777557348558,14.0445857042035,0.611111111111111,0.236842105263158,0.833333333333333,25.8333333333333,0.423399070564461,0.0595219771602378,0.363301444802193,0.255552102978806,0.39001691593575,6.87581364794197,10.8725186089703,-0.999999999999999,NA
"11",1538,"The Holy Cows",3,1892.08176251269,210.2356582943,256.134166649935,1.81742957050217,17.8958404659916,174.867390986021,22.741437235478,-1,-1,-1,0.459284745881763,77.1256631305204,-1,6.25919637684627,1,5.00846070662216,0.448991889299899,8.10693666734701,7.97905278723322,13.4941445262786,13.1753682601236,0.549245429956263,69.3817364163093,-0.0891885448436968,5.4922134342784,78.9161858993014,1.12866390069436,5.43590182466314,157.108736095438,218.17611986247,0.451510687897932,1.07474912114566,0.00407940595383012,1.56741562267743,1.39046955707629,0.464616079863033,1.77620573696891,1.75951218609471,0.305976978095696,18.2733240191717,2.72968449474415,10.9645936567019,15.6741562267743,0.388888888888889,0.25,0.638888888888889,20.8333333333333,0.0126050315230027,-0.118702029467928,0.72161330750649,-0.141445450892096,0.522898955442033,-4.12964641964205,16.6805404235833,-1,-99774
"12",1744,"Robo Rays",3,1712.97764533726,127.23181649834,92.8228068271917,0.871493907076084,8.64582631208582,97.3690673160895,23.5247930202564,-0.999999999999998,-0.999999999999998,-0.999999999999998,0.597180370097291,40.2306195316322,-0.999999999999998,7.11515695443597,1,0.724268630568527,0.131018947450792,1.09870299276089,0.864447292703946,3.64594324665883,-1.40242166184091,0.157733328165297,36.2241172489098,-0.685986170068021,-0.368328113218592,46.7597511178964,-0.0627940502921702,3.79550924940424,86.2851350019447,82.2152004028017,0.011443621597241,0.320251988630798,0.328075490985807,1.10986670214275,1.06451807545413,0.422151790271572,0.72317268913762,0.859702648400515,0.377553531218513,11.0839323141448,2.13393531313268,11.2679725291526,11.6318345243943,0,0.46078431372549,0.46078431372549,16.4705882352941,0.11671851886503,-0.0209863929435433,0.293985313913945,0.0195308489257566,0.875094632556843,0.383339258426195,23.3472923834908,-0.999999999999998,1059.16500229019
"13",1806,"S.W.A.T.",3,1745.16229643748,212.475188654673,145.837214332802,1.2387077834922,20.190389959828,160.467628762245,25.2955808504917,-1,-1,-1,0.561348865074358,3.54568341607056,-1,5.38981224933485,1,3.16715333771369,0.295411920651348,4.23313551753289,3.91840050321835,14.8005777104932,16.0818177600272,0.221508853896739,56.6814826511291,2.23952886216006,5.01834601718861,74.5150464037144,3.03966492312236,6.49819539842275,142.713070470455,116.281094682452,0.491586476711552,0.422981924192591,0.307530619253463,1.51820276622951,1.28100316042387,0.455139179691042,1.78052173803015,1.84692657374164,0.244698170728106,17.7545582917905,1.68398855892424,9.29316699064297,15.1820276622951,0.6875,0.240740740740741,0.802083333333333,24.6875,-0.0197499609105185,0.136235671156315,0.520037197060614,0.233563905468026,0.163189429137711,6.52027599248223,6.63575023356029,-1,3073.23115799346
"14",2046,"Bear Metal",3,1889.25572287623,234.778066848297,243.398401631578,1.73052335691241,22.8391946213405,178.644083402716,34.0669050263847,-0.999999999999998,-0.999999999999998,-0.999999999999998,0.410930281229272,49.0144321058495,-0.999999999999998,5.98891181626876,1,6.81569676785849,0.517408567830996,5.24921539627308,6.16831087544912,17.7094732523908,14.3697183803557,0.4445347143334,61.8993792965592,3.93955543567758,6.4361820976225,82.5648599265911,4.43732008551991,5.93868065327308,156.39525923459,192.021856816773,1.33642626119512,1.47053759462389,0.248976855472907,1.67528947936676,1.51959464547431,0.422112412408699,1.9852754256054,1.95141574794905,0.30397685366696,22.2763813546035,3.0061708955193,21.1463235833524,16.7528947936676,0.666666666666667,0.219298245614035,0.75,23.8888888888889,0.284179061318266,-0.289100535448142,1.54189077454006,0.0141132678630438,0.754925419231789,0.339648534265897,18.1874386432611,-0.999999999999998,NA
"15",2059,"The Hitchhikers",3,1789.96283913494,215.448074354056,168.78965055853,1.51312503254663,18.6788085281269,172.366823075431,25.3826977795385,-0.999999999999999,-0.999999999999999,-0.999999999999999,0.409297919209798,16.4807603889609,-0.999999999999999,5.49410020246076,1,5.98253824284543,0.558399212744716,1.55222428147741,2.47204302008788,13.3538704592783,10.4225333795675,0.533356031020176,76.457775079247,3.71343483398523,7.05671242996162,60.7512143353452,3.69935697273223,6.47699424241215,149.802138840277,134.052971282051,1.25612401370009,1.91980411973974,0.297085994296877,1.8345853957967,1.75001933810684,0.408960158578486,1.92707955868114,2.07020224102321,0.121868362889455,28.700128494349,3.76296703277511,3.49999851926847,18.345853957967,0.117647058823529,0.412280701754386,0.412280701754386,14.7058823529412,0.0372803238410963,-0.203536646782886,0.641731891540933,-0.0209765156712098,0.435018141561553,-0.566523542604203,11.5884506888264,-0.999999999999999,NA
"16",2102,"Team Paradox",3,1553.24366419951,151.146840881753,25.7109297423312,0.818193228748483,13.8099441996248,113.526307836082,28.388999243866,-0.999999999999999,-0.999999999999999,-0.999999999999999,0.408495801862602,0.705379301135334,-0.999999999999999,6.17420234314263,1,3.83514290030953,0.388822448554665,1.00535832970907,-0.0297777874090972,9.6810024600372,14.4890643415353,0.475106698852002,66.3608311489998,-0.277194748734546,1.56073514615983,30.567918831311,1.13850491006977,3.07107498463691,101.560560111108,15.4837389817907,0.172829379979396,0.218537053419186,0.371410830059252,1.23371389867473,1.17121728410677,0.407617619397278,0.807201216213405,1.00339520746889,0.311433262949778,11.9657477249742,1.44599476270822,16.3872600219317,12.3371389867473,0.4,0.244444444444444,0.644444444444444,20.6666666666667,-0.0169134288578374,-0.11868464514013,0.207847825339852,-0.51906179317262,0.364405682036349,-10.3658642695951,10.149381177608,-0.999999999999999,4194.25874650309
"17",2122,"Team Tators",3,1881.51446907826,225.923093807508,213.385567235506,2.54701274555464,22.5264598290684,159.308214621578,45.4863661646391,-1,-1,-1,0.485769833253204,29.9589748141136,-1,6.64984638808393,1,4.89253734590372,0.460456888027681,4.20435294758722,4.53657732684642,16.9447859485415,17.3774101672421,0.606622138157264,55.2492893038091,1.08631709401944,4.00779260889366,79.5276932927078,0.75920516676437,5.87336169874043,144.166615382175,153.595049880503,0.3958748309395,0.472587444236163,0.380130646404564,1.58765660963531,1.42736999604263,0.443144524182384,1.31991223137506,1.27061490014717,0.27683113600245,15.1415992394031,2.92327148907278,31.4738991044361,16.2187189876507,0.611111111111111,0.416666666666667,0.861111111111111,26.6666666666667,0.626131768433079,-0.215237470019151,0.401111047222766,-0.122960198541558,0.262774402198178,-2.57238483781848,5.16915960928108,-1,3325.27244067342
"18",2130,"Alpha+",3,1749.01452200749,179.823931719672,148.906119285662,1.14575628527099,14.0221153683963,132.610015258855,33.7681564022786,-0.999999999999999,-0.999999999999999,-0.999999999999999,0.424568050996872,28.8240827278186,-0.999999999999999,5.50584606641312,1,3.71425277672298,0.322347047494058,1.68256520357568,1.04780688342239,9.76440338528059,8.60486494772856,0.306446859593161,60.0946066129766,1.0895057599509,3.33289137000813,54.8499844536676,2.64467734485909,2.78524204011897,120.793004322989,114.632040454359,0.615523662498892,0.796229490635735,0.322606211753605,1.20793926226522,1.11243116603319,0.371218771521882,0.991286775143622,1.09491405124555,0.238312456436947,15.0178735395723,1.56536820927801,21.8015195276533,12.0793926226522,0.736842105263158,0.111111111111111,0.833333333333333,25.2777777777778,0.216598186074322,0.211053045812441,0.614315870490062,0.334606919434303,0.00283663822244486,12.0177876645002,3.14249530801143,-0.999999999999999,2131.37057570918
"19",2231,"OnyxTronix",3,1715.49566234524,158.034566066556,131.806275668069,1.27481094942039,14.7666804172619,117.423213709235,13.4151756074357,-1,-1,-1,0.497927558896776,36.8707562503163,-1,4.57035628935996,1,4.16608872209327,0.567770703535008,1.49459038394121,2.72319836888775,10.4405891308744,11.7846413995373,0.432501266647718,63.5280702331095,1.35843728234909,2.40990175574918,65.1517270584993,1.99863094368422,2.04102036280148,111.248695334561,114.314694270962,0.346925626856363,0.287983179403946,0.383182001122954,0.802954553054752,0.853486278260539,0.287186444301927,0.433583233801449,0.26338893482263,0.390271472708161,6.17451837467375,4.19096522179658,2.67270908849783,8.02954553054752,0.0625,0.303921568627451,0.362745098039216,12.6470588235294,0.0687108316235809,-0.0766865547739578,1.98642696976112,0.040725984925445,0.562307441135066,0.634716849266339,14.4456941293002,-1,NA
"20",2341,"Sprockets",3,1542.14712181707,143.280565522943,35.7770527823591,0.810766682900186,10.1376336014502,97.7176925099776,27.0311546007706,-1,-1,-1,0.255156658104272,17.2578065405004,-1,5.24734177109763,1,1.98352620819267,0.364517905345229,0.461619706983604,-0.39623535311768,4.89029183035254,2.53888460265557,0.251474636663479,67.7777284333995,1.18412247906764,3.11156713412777,26.5787033776064,1.46316685346434,1.1185594111431,87.4132680603456,29.1679675111478,0.297910840233017,0.414978573464144,0.370520480403767,1.37778015131205,1.20744572023199,0.46563140494856,0.644146038550341,0.555580464891229,0.312674280849822,10.3592861932548,3.20287699146685,16.1624133269901,13.7778015131205,0.666666666666667,0.296296296296296,0.722222222222222,22.2222222222222,0.0042949076982827,0.272825163696206,-0.0365166728076588,0.295938138953516,0.630759551037616,9.33890858634732,15.5864054119021,-1,-118063.80579294
"21",2471,"Team Mean Machine",3,1871.41731638607,208.54902470438,189.878020074115,1.74322163247264,18.6609525100707,132.464836495838,45.5928090448239,-0.999999999999997,-0.999999999999997,-0.999999999999997,0.281501251207079,34.6477467590042,-0.999999999999997,4.95846953747977,0.95,3.93102950060743,0.256143065568413,4.14927757286445,4.64502673100342,14.0460930963556,12.042809388032,0.298359718636343,42.3717623650804,2.1739021141638,2.27463347853454,77.629818871987,2.00092167399468,4.1748217507166,122.019996228015,115.001138763252,0.456320229182241,0.704016678420825,0.368304939935072,1.41028469475206,1.30792638127975,0.370131118436513,0.973343662884642,0.995786850764235,0.316674194080608,14.089979636091,0.0502486615329323,38.6185507713508,9.64715058035502,0.833333333333333,0.216666666666667,0.898148148148148,27.5,0.493313570451365,-0.731708052515327,0.533490772305149,0.086702510353595,0.47887976934853,3.36761700507476,11.8499454899809,-0.999999999999997,NA
"22",2478,"Westwood Robotics",3,1737.90798902475,190.577048512357,136.885621485292,1.56191507635302,13.2121962033412,116.316552205435,26.7505798820243,-1,-1,-1,0.447866028388742,26.3760418877327,-1,5.1978564200299,0.944444444444444,2.28619068504976,0.442906415120725,1.72097920660592,1.85611322795905,8.01433978331136,10.5257398090673,0.408193593526237,50.5239900940682,0.582880354556604,3.16452252295025,48.9475793703821,2.01743538895904,1.32961096025745,103.965702947658,81.3222476580198,0.449868314955233,0.526365343473318,0.288911677143998,1.76259987178473,1.49166712747039,0.48097648777145,0.733873171734241,0.834872253980817,0.335215566197082,12.3508492577775,4.66459244887169,6.73058134579323,17.6259987178473,0.5,0.346153846153846,0.685185185185185,22.2222222222222,0.0988196897662775,0.284556072703533,0.652998778246654,0.0914641344149003,1.30959213999148,3.70938372389017,34.2977202215563,-1,-82311.5843756376
"23",2557,"SOTAbots ",3,1767.76955651175,163.841033159209,155.341065029525,1.68001366209958,13.706040651648,132.044188974946,26.7942760697788,-0.999999999999999,-0.999999999999999,-0.999999999999999,0.396854960087664,29.3789031456564,-0.999999999999999,5.03410155551513,1,4.3892348574188,0.667269198154293,0.549728992239022,0.643433470904029,9.87792769931565,4.19273261884387,0.366942062789313,61.1116204884159,1.86880924689914,3.62422121885157,67.5313580663954,1.637071640688,3.88441377195556,130.869245888821,137.881006905,0.467158372000977,0.42393103997185,0.460691689080837,1.22972387751843,1.1688557584955,0.373796662675417,1.16278512842942,0.90315448862983,0.37845477480442,12.4797064354859,4.41198671915691,17.4348772780428,12.2972387751843,0.65,0.294117647058824,0.825,26.25,0.183686548383195,-0.384016306429955,1.29051879546272,0.0841564658248806,0.475896453169059,2.20686967537467,13.0853720322501,-0.999999999999999,NA
"24",2630,"Thunderbolts",3,1680.51005207291,168.409337991822,108.30526407869,1.23536766512708,11.9339997076314,129.918598573434,29.7267721549491,-0.999999999999999,-0.999999999999999,-0.999999999999999,0.42786379098117,11.7117442053385,-0.999999999999999,5.50902683710444,1,2.97273880413427,0.355365239545895,1.70828574844444,2.17984574586315,8.23243399612274,4.24817110542668,0.249107729675227,52.3602695408478,1.40467365817261,4.91558716025003,59.0633389237868,1.57470544834784,3.82226307416213,113.61514062942,91.62760382943,0.390410568261794,0.506169141754418,0.390249329827335,1.49821306345878,1.38838296969337,0.400277158822829,1.36530529553849,1.37379049032513,0.209249859580709,16.3034579440145,2.14969788372119,16.1443839062422,14.9821306345878,0.6875,0.2,0.760416666666667,23.75,0.228688806864815,0.168408021145756,0.65120249481592,0.024826669315279,0.0495760106026187,3.1669873688305,1.38108226720883,-0.999999999999999,NA
"25",2637,"Phantom Catz",3,1596.60170582806,122.471482855697,23.5734617038345,1.03344875770587,14.5634864373224,90.814358823351,13.212592861325,-0.999999999999999,-0.999999999999999,-0.999999999999999,0.428937266568165,13.2777972894976,-0.999999999999999,4.69218467769691,1,3.1436824869763,0.462285517162256,1.83324668061902,1.80411025529271,9.95385833519064,1.54095543320203,0.330924530585347,52.4747553446657,1.36957831097509,3.3667138954025,31.4388367761627,0.979868528204112,2.14073109825013,87.1523146129754,32.0364432305228,0.274470915410392,0.194420931750782,0.35318061701047,1.15922679209032,1.25187969889354,0.338282913590931,1.03669809663642,0.838290402244595,0.382018726336542,11.4229551644446,3.74653889325652,1.00084842939113,11.8902134225514,0.111111111111111,0.355555555555556,0.422222222222222,14.3333333333333,0.00584258720505991,-0.202077918258333,0.813315485533312,0.197795791525886,0.365430831023346,4.81363960942913,13.2023482032502,-0.999999999999999,675.502849553285
"26",2642,"Pitt Pirates",3,1779.59865875253,267.897651360369,245.75469488573,1.97734869089287,19.9499162782566,191.480259352678,41.1392753925132,-1,-1,-1,0.473779170975253,14.0331382794759,-1,5.40599106939321,1,4.70194185140455,0.522156202245198,2.79926444736544,2.7865228167401,14.5805885836185,15.2972903019023,0.494478856545177,58.6804097798913,4.03507881567153,4.63668554063332,94.2434569152431,5.96764218526319,9.29810738808517,164.495140734806,163.442498642338,1.56271954851174,1.44688353656268,0.428977878229523,1.57430218007957,1.56355639962477,0.370094797590861,2.47870902193795,2.38658378738693,0.242185415135915,26.9851186178719,2.83926033128509,25.6584357672215,15.7430218007957,0.833333333333333,0.114583333333333,0.916666666666667,27.7777777777778,0.0798428502108058,-0.134851136194098,0.818503841799443,-0.0780814632156695,0.648980134464615,-2.62629226136223,15.3227138155688,-1,NA
"27",2655,"The Flying Platypi",3,1668.09239638232,158.213273520083,104.044754389838,1.57890329930315,16.4258807239328,121.752430227421,21.5526715030333,-1,-1,-1,0.386448121900776,61.6868334949887,-1,5.42552500445609,0.941176470588235,5.47488882545909,0.698084388189155,0.430016337853856,0.71314964146411,11.0003557194767,10.57027939482,0.55086758617637,79.752561700014,4.82618157425263,4.79265779744214,44.5697483112216,7.32807123234198,1.61491549820933,106.517946293942,68.9354298008778,1.63100585688256,1.92466570813486,0.29557739022501,1.68254422663175,1.6925024618332,0.490284432041336,1.19470974276827,1.77234139031879,0.162124946491393,26.9475478014342,3.63372661555394,5.54175514341342,16.8254422663175,0.214285714285714,0.382352941176471,0.441176470588235,16.1764705882353,0.0620073634898427,-0.140543882915129,0.334068444301097,0.0300040594711532,1.11902491322873,6.3006275588326,29.6459650522238,-1,NA
"28",2658,"S-Motion",3,1631.35803712714,123.88029920711,125.675246788806,0.906720514730234,11.0861287879023,93.2337402740199,24.837662329041,-0.999999999999995,-0.999999999999995,-0.999999999999995,0.365482332780619,38.4101135658953,-0.999999999999995,5.58710264705377,1,3.71730800186039,0.318070527494573,-0.203747625946233,-0.20662285878629,5.49902614084847,6.82670577586679,0.349610221926018,39.768567552689,2.32264705761326,4.71974380330649,44.5262944190558,4.12438195472609,3.16394558771649,80.713426677713,77.0576536404332,1.15318272508329,1.16079860738286,0.318244655433404,1.01066522688467,0.9629053624959,0.372900616833848,1.08789861364633,1.14297684463451,0.350982103195987,16.3090032109404,2.3972215006653,13.4222230101372,9.92021550312965,0.25,0.475,0.725,23.5,0.0882813755254566,-0.0131851563272196,0.803590859648954,-0.204719641713458,0.268643105069483,-4.71556889547241,7.95402565269111,-0.999999999999995,128.552433413308
"29",2848,"<U+26A1> ALL SPARKS <U+26A1>",3,1691.02866096418,192.856398893677,144.258848458654,1.77489042872376,15.1953966261143,142.159309202045,30.7595896441967,-0.999999999999999,-0.999999999999999,-0.999999999999999,0.354609026526138,36.4094402166523,-0.999999999999999,5.64467605755293,1,5.0287881681226,0.771285049203222,1.85868875393269,1.11289224866435,10.4820706196665,11.0910144812475,0.734005152104236,61.2910469291095,1.44484139331197,1.55510644650875,62.9185221459691,1.26240267131858,4.48821227472351,129.494856236023,138.328962666902,0.233265486823353,0.621159110693029,0.252541502076138,1.26413432716787,1.3591475528161,0.381293135420476,0.901502789441154,0.810191619349437,0.308918637814029,13.0579625836416,2.41780009029909,19.6552762356211,12.6413432716787,0.5625,0.222222222222222,0.760416666666667,24.0625,0.0987514502571613,-0.0459082788603697,0.0987897965682852,-0.0561639057417378,0.169926177539192,0.169601452403031,4.74210342132123,-0.999999999999999,3963.47490066875
"30",3218,"Panther Robotics",3,1682.39501111205,172.320072568589,137.600709662075,1.32923564962604,11.4636976070063,128.669011196727,25.6030572732007,-0.999999999999998,-0.999999999999998,-0.999999999999998,0.43495763325907,19.2343933859269,-0.999999999999998,4.86292534758113,1,3.16039785901179,0.296723378644567,0.625883750906552,0.318803105350054,7.57256321983668,5.97656382875024,0.239072120615697,56.4643839933386,0.770208605680608,3.14247385384883,59.8502755097802,3.41793097543368,1.89528753186808,118.606668251735,117.790635384866,0.718437585506093,1.28984427125038,0.349225868780623,1.30517968433196,1.17745022095267,0.418655797760815,0.542390191310841,0.682021366707224,0.269741844412213,15.1195219837373,2.0113520002301,11.0110463799342,13.0517968433196,0.357142857142857,0.333333333333333,0.69047619047619,22.5,0.130778314845167,0.19661211899098,1.49437888514619,0.216537595836857,0.191770844432784,6.39650049087634,12.2661655365505,-0.999999999999998,NA
"31",3478,"LamBot",3,1820.37668838494,226.305119151492,241.987923176543,1.91072669149811,20.1143401627057,170.497281997138,34.3825025775809,-0.999999999999999,-0.999999999999999,-0.999999999999999,0.334188379574601,41.5556662488514,-0.999999999999999,5.49044681602401,1,7.31717635757652,0.726397840646554,0.465326843163609,-0.0107872194059381,15.0632706758965,17.8963710031562,0.429827182185319,73.132659018145,2.62163934426082,2.41495831029634,78.0924590144711,1.78482037950221,3.18975581617432,154.734788478646,178.241021523876,0.240997531761792,0.251545498358592,0.44069383583852,1.82124534342906,1.91629898677442,0.335118085741795,1.20120970293884,1.24835217969587,0.168593422230494,15.7624935184926,1.28985918976586,18.7258108908291,18.2124534342907,0.705882352941177,0.12962962962963,0.794117647058823,24.7058823529412,0.0913830935891752,-0.0777137343811853,0.108281877599037,-0.0918343447239986,0.269290902125561,-2.68442729000589,5.7491567943837,-0.999999999999999,6015.97239053252
"32",3512,"Spartatroniks",3,1709.7555017912,177.242992831582,162.696982442273,1.71198664357192,9.01755649075998,136.269184329936,37.3706219006088,-1,-1,-1,0.321484278417907,42.8178080506216,-1,4.94236438250142,0.923076923076923,1.88815142990859,0.658872730516445,0.222780133583032,0.480591918570745,4.07519210825857,5.8833592996374,0.377978866190709,67.4799708344159,1.86436768778728,0.496706579882094,54.9121258396085,1.71204222410565,3.31477876638053,125.744450078742,146.048673606013,0.578648852625185,0.775519466045225,0.270633212022176,1.34200109593574,1.42988334469328,0.352304736989116,0.65736553895857,0.858499605376193,0.270017017765067,15.1145378249209,-0.926347689520396,24.8769586307718,13.4200109593574,0.789473684210526,0.179487179487179,0.87719298245614,26.8421052631579,0.323221434049454,1.65670207111708,0.0549789084766608,0.161105429646537,0.171821322444839,12.3111460967488,4.57042760350428,-1,1217.32469240179
"33",3593,"Invictus",3,1629.07259545083,155.651657653394,80.4469625557949,1.5413301232173,17.317139907426,117.317620006131,17.8123522821836,-0.999999999999998,-0.999999999999998,-0.999999999999998,0.563332549014795,32.5840968255803,-0.999999999999998,5.89238698179873,1,5.07374668972427,0.639477095577732,1.17969124080925,0.264797322157382,11.4247529256273,14.8275694236547,0.423116024915848,60.2616666211407,0.232941208767973,1.98319116440588,50.4235403797371,3.71269537405235,3.03423316385523,96.5774723763574,50.4975743747301,0.748876667482776,1.27115773256243,0.238920465439538,1.70610069948176,1.58911288902695,0.425832568631033,1.15048066258309,1.28775890436531,0.230691423353897,20.7401476297735,2.78321383759052,8.05671957461671,17.0610069948176,0.111111111111111,0.398148148148148,0.509259259259259,15.5555555555556,0.118421183867597,-0.0353929297925681,0.610439944574637,-0.244492130884038,0.704347060935013,-4.83251845242468,20.6608762462485,-0.999999999999998,1751.91230958323
"34",3663,"CPR - Cedar Park Robotics",3,1637.64431170844,124.02277016833,63.8435035326817,0.950442403146489,12.9380156504342,100.639289674002,23.8624057769836,-0.999999999999999,-0.999999999999999,-0.999999999999999,0.347499070209931,12.3130266216955,-0.999999999999999,5.2284736826553,1,3.11840939994528,0.412534272417929,0.736361583944204,0.0292068926332387,7.70954196777895,7.20785536784634,0.46054258782913,49.9032049907884,2.26878893343475,4.05916377033827,42.8832914920695,1.93043525417987,3.61340117935797,89.5284409013955,52.5687649978653,0.737622186065096,0.791416227648508,0.280754784312647,1.27568008547268,1.19624817884536,0.382830042880455,0.731914823254283,0.6946669088005,0.462750509574797,11.1108487726067,2.90461511841922,10.5688531905353,12.33437288861,0.5,0.273809523809524,0.726190476190476,22.5,0.194273252440768,-0.355807924229557,0.833132535795781,-0.0786381488724694,0.381965546265395,-3.02102849391342,10.8749538271756,-0.999999999999999,NA
"35",3847,"Spectrum   -<U+25B3><U+25C5>",3,1700.90715898898,211.335745597734,181.32118951703,1.46789059854578,17.2209080256632,156.266960464587,22.1846364601446,-1,-1,-1,0.207989730440129,9.32434621856506,-1,4.78660771572796,0.941176470588235,6.36567086229054,0.700845794279422,-0.00787088116368086,-0.00730337311956467,12.5669124384759,10.7698498277589,0.485952505273032,73.0317572141253,1.16238474119778,4.66734423517121,65.8852280963365,-0.111147477070682,3.18565943764426,146.769988983277,127.759174398677,0.209872539307841,0.293940770776741,0.250538172414253,1.36760531363099,1.17384919790031,0.417127800025035,0.936171503361243,0.90010980298904,0.322613696452852,9.49697148130958,1.30634027675452,8.90252992040002,13.6760531363099,0.294117647058824,0.313725490196078,0.607843137254902,18.8235294117647,-0.00739763115987779,0.208919739358921,2.25618865677696,-0.325070539577745,0.621535593723865,-7.08216479264902,15.663240647339,-1,3629.22559182636
"36",4146,"Sabercats",3,1652.06311593621,160.915052287426,112.776178917717,1.36945971538816,13.1335980413183,114.426381179718,30.9452696933767,-1,-1,-1,0.50738091786319,25.8674554736856,-1,5.82156426038474,1,4.08924726451766,0.571656151192943,0.360602851880033,0.52794949909519,8.0279199503575,4.07564595699698,0.591287711569854,49.3707134044571,1.47982214087187,2.21383630982539,47.543492655297,1.33650415579205,3.70802032464644,102.836062694226,86.962293837622,0.349761678897529,0.380694032818063,0.341126339103517,1.05912715507266,0.868057752233459,0.430114690719145,0.93000644069398,1.06931191204692,0.34570894549666,11.5903184854922,1.94969288418582,19.7390957265877,10.5912715507266,0.526315789473684,0.242424242424242,0.728070175438596,22.3684210526316,0.0572556780851818,0.316178950740973,0.32637306095817,0.420094410094769,0.613471309617833,12.0832550060741,16.9686480452367,-1,1177.66145128479
"37",4189,"Chargers",3,1671.48348306556,140.077815705491,91.9542322453319,1.07052416894759,12.4699504308234,99.7369363728717,25.8934654558923,-0.999999999999999,-0.999999999999999,-0.999999999999999,0.35242208727354,33.2848656291415,-0.999999999999999,5.45453100028542,0.947368421052632,3.68590905269011,0.279118096543547,0.903409209455541,0.965763048554661,7.56992908568953,5.13967012362362,0.263739733606283,54.0055035077005,2.2162941723087,1.57963941207404,41.2395062371043,1.17931308945152,2.75185352121654,96.9608400654972,78.7807372467887,0.492741752704712,0.645133029149816,0.345974287763482,1.35184733647991,1.30807347681401,0.40889664030438,0.643884313283562,0.751119063140585,0.495973918122887,12.5803784597466,2.61713973863786,12.9219872381924,13.5184733647991,0.263157894736842,0.271929824561403,0.508771929824561,17.3684210526316,0.0857619432222801,0.111246706276911,0.675380812044796,-0.226816736440366,0.433704068967727,-2.46319436889597,12.2528063980783,-0.999999999999999,NA
"38",4561,"TerrorBytes",3,1712.81283634813,195.869589634131,198.497934254209,1.62530989049388,18.3173180260259,136.25736597702,36.3249657889521,-1,-1,-1,0.37198663941222,23.8584393288846,-1,5.49121358565524,1,6.59968297934169,0.655662722722926,1.84396991759376,1.21358969625618,12.8261044403707,12.8850889502711,0.495935120971657,66.7044346019744,1.07953513910356,3.27610493047735,60.9827913320962,1.58891062077358,2.80322695646114,130.703334439281,131.540744152975,0.429414755006132,0.400498408329472,0.37606714240555,1.09593023449608,1.09782470950574,0.389701548703654,0.77359270969012,0.850570057982103,0.33635921492961,10.007748068667,1.57404402807844,26.3524602618856,10.9593023449608,0.777777777777778,0.0833333333333333,0.861111111111111,26.1111111111111,0.205785263161543,0.0317856389720368,0.395453239586325,-0.205802290699453,0.725204115300313,-4.027127094004,17.576046287972,-1,NA
"39",4603," Leones Francés ",3,1619.15764011661,129.705251782348,123.318385150525,0.981767366653343,6.01444135987706,122.136185250984,14.411067956695,-1,-1,-1,0.21113889249052,36.2928283101862,-1,4.30096912572117,0.933333333333333,0.670833256359786,0.118305047522518,0.43377985810702,1.05393582522193,1.71347223415589,1.93991612161372,0.131686651293879,49.7264962755607,0.703250488394102,1.50722186633097,61.8045335632755,0.611036660834108,3.95499572310029,111.970083454309,114.557744208928,0.2127571971843,0.234924000162716,0.380224096506784,1.13672324171161,0.963503932156631,0.45082801958601,1.12412714486676,1.15253543611194,0.0170241648661826,10.7351277484735,2.19920648102921,3.00348954631898,11.3672324171161,0.0666666666666667,0.277777777777778,0.344444444444444,12.3333333333333,0.125287145485554,0.0802494192417101,0.458680415082692,-0.329311522265717,1.01061288309601,-7.83154096043438,26.7682826904033,-1,78.4708316332269
"40",4627,"Manning Robotics",3,1474.44914285053,121.076979451885,69.0796042665083,0.987480232934421,10.2904717119878,85.9087792082321,18.0036241033744,-0.999999999999999,-0.999999999999999,-0.999999999999999,0.335444233077884,32.0010235666209,-0.999999999999999,5.66945030986854,0.857142857142857,1.65241920317097,0.381543178665639,0.658091497888638,0.508933186452141,4.62102140211922,1.60853591607493,0.436595577269712,54.3032723008833,1.30118238185258,2.13293992086163,18.5209559902719,0.510736713961913,1.76012430219362,75.1606472580411,41.6035235530113,0.152253036157448,0.310672696380924,0.285135559887135,1.43855174444707,1.41940776156437,0.384731711342424,0.44280350085611,0.419545932092915,0.32072841444595,10.748131950191,2.54335189445021,1.07475476445344,14.3855174444707,0.0714285714285714,0.394736842105263,0.394736842105263,14.4736842105263,0,0.270022633281174,0.585258407781249,-0.0486476025265429,0.16809541404797,0.133923103242299,6.87410442829071,-0.999999999999999,2296.35041223238
"41",4698,"Rio Robotics",3,1551.68156797458,115.545798648438,50.2518482649826,0.478809033333521,5.07483960322731,91.7472671252968,22.8582692822598,-0.999999999999999,-0.999999999999999,-0.999999999999999,0.210687215213804,21.6838459992912,-0.999999999999999,4.41960731228148,0.888888888888889,0.93322663092742,0.278394696778835,-0.544836751091995,0.210719310270087,0.655232290945835,-5.40205402384208,0.220178307337303,38.6016118260153,4.68504368521886,2.60428983525813,28.8175400289961,4.95322717424629,3.57427607807264,70.7323595573612,33.0131826708089,1.26692541723008,1.66970010070262,0.219767889898151,1.42233545447071,1.41865305698122,0.400372235438298,1.13105695911816,1.11462835590327,0.143959879926411,21.0149075679356,3.11836550892797,6.9739509154151,14.1664550820676,0.166666666666667,0.518518518518519,0.685185185185185,21.6666666666667,0.0351076194330885,0.143711504355401,2.69983697120306,-0.153107909709378,-0.00151430647180445,-0.152926587383731,0.509496436397594,-0.999999999999999,152.891427198238
"42",4941,"RoboBibb",3,1602.82246555351,130.001420455173,67.3597045630751,1.00573236255102,10.264338957516,105.020294877455,19.6257230005059,-0.999999999999999,-0.999999999999999,-0.999999999999999,0.290395427861585,51.8576758191567,-0.999999999999999,5.06938124783027,0.944444444444444,2.4680475767063,0.406398102971269,1.99256545155576,0.510562891329453,5.80889409238882,4.20253843845159,0.220222449880607,49.8246184913939,7.09309885076265,5.81256704306579,28.0127253408774,7.45186617631505,1.91635725777342,80.5654721514922,45.895550260322,2.28747459997194,2.31146009452568,0.329682721196328,1.67221032689519,1.58592303812001,0.456116618588438,1.71855187277696,2.21887030282543,0.0501283699301116,29.8328954058517,3.91964217256371,1.9321006638383,16.7221032689519,0.1,0.325,0.425,14.75,0.0122819217638395,0.18059896580294,0.401921177090926,0.120071841922255,0.189989959966047,3.90479087707108,5.1275560447113,-0.999999999999999,NA
"43",4984,"BULLSEYE",3,1709.79751273818,167.212438665523,138.166905087386,1.39073642022693,9.34531291178188,118.828318832623,35.4482374304992,-1,-1,-1,0.412177259883193,23.0782156029695,-1,5.30996365212799,1,2.09895668314563,0.54434260952039,-0.0812820533186773,0.786730191088232,4.0353492596539,2.81427792875954,0.519194452375717,48.1149758913489,0.636251038522879,2.40398933128437,53.6935237341782,1.90307325034962,3.52864381097704,107.113309555362,96.3427311475183,0.532547678413586,0.326134189479986,0.321342097368834,1.18152869969507,1.26028734527065,0.407450088671523,0.919287536397315,1.07998820445701,0.145522418588258,11.7150092772604,-0.0453451375089203,25.1458058563436,11.710275190941,0.9,0.141666666666667,0.9,27,0.120844882888894,0.345384685203576,0.333818497404151,0.22625274703118,1.13148297026228,7.38324210179739,29.9561667435778,-1,959.746206314886
"44",5045,"SpartaBot",3,1504.90127122335,88.2309581953644,-14.6669060274994,0.502279081030045,16.026792534183,62.4960151572702,13.0977340249365,-0.999999999999998,-0.999999999999998,-0.999999999999998,0.26307206459911,29.7044154257108,-0.999999999999998,4.42345657204848,1,5.74135013862052,0.560347560913906,0.463200662932217,0.350536692163652,11.6033359621345,8.3246241573388,0.30152109947956,59.0456980422928,1.66356287809098,2.01800648510817,1.39762937233956,0.747955166354868,-0.796455489359661,55.1485153092644,-11.3220139891574,0.657577897172784,0.548187075460257,0.254300531733694,1.46565414159515,1.52437469086795,0.328854090431474,0.0820919797825198,0.351514123449574,0.280783384738962,9.91135129039858,1.93575345076557,1.38260148925881,14.6565414159515,0.0625,0.346153846153846,0.346153846153846,11.9230769230769,-0.0107829925044655,-0.0891139815349188,0.155172843723372,-0.00172333417852858,0.149430214540153,0.0914804048552576,4.51161958212067,-0.999999999999998,346.843207600811
"45",5344,"Rhinos",3,1382.73954608635,61.9184315397083,-56.2240487386494,-0.16366849848981,4.15280369243302,51.3382805050129,9.70762683549328,-0.999999999999999,-0.999999999999999,-0.999999999999999,0.275494708551498,7.27200015172638,-0.999999999999999,4.1253739855879,0.909090909090909,0.0378672403372533,-0.0335993925852077,-0.0241523869146906,0.025849701775603,0.0274297068451253,-2.21887529703732,0.0550103165398708,28.2878636596988,2.40642071241424,1.28974153727739,7.26277043970615,2.43042513264578,-0.492622616558655,36.3477530201237,-37.6645684645938,0.798611573263707,1.05155390313502,0.285982757479158,1.31177988507233,1.23833725168599,0.381050191189664,0.373609448232212,0.70821434215682,0.21293884416385,14.9905274848891,2.75761086770763,-0.917294076419381,13.1177988507233,0.166666666666667,0.268518518518518,0.435185185185185,14.4444444444444,0.00937365627057328,0.377856800544664,-0.0884003733033533,0.1628962640847,0.0231677127983463,6.04691854991156,-0.523607101583985,-0.999999999999999,75.5701398655362
"46",5417,"Eagle Robotics",3,1604.65244643469,153.150071978543,116.383796503252,1.13005682091298,7.65865239365155,136.779787229322,19.6481735920589,-1,-1,-1,0.354100056725423,22.2445671049497,-1,4.38338262257834,1,2.00586850954955,0.328469026916417,-0.00872111635345481,0.162342128139003,3.99429478639219,1.26987003667891,0.141445295819972,61.8337730271204,0.464180055714107,4.33826960246921,53.8401033112018,3.30976480271518,4.00739853380301,124.019544474594,113.963566355354,0.524842120354956,0.759845602236197,0.231001497488983,1.59006665504223,1.70196493310474,0.309512015753807,1.05053852918389,0.906932574553625,0.332798423694433,14.9312953748093,3.02975872783744,0.7177483137992,15.9006665504223,0.0833333333333333,0.277777777777778,0.361111111111111,13.3333333333333,-0.0188387726603995,-0.289902780652938,0.599660716534144,0.158910443343312,0.103478116838846,5.5984308059976,1.7286178393623,-1,-77874.1908398005
"47",5449,"Prototype",3,1506.27525949887,145.034096157,109.749548353075,1.13293401156974,8.52809233354625,114.059953767041,25.3093102229118,-0.999999999999998,-0.999999999999998,-0.999999999999998,0.354201770273498,22.1609271036455,-0.999999999999998,5.09626180466524,1,1.90685550586835,0.414125556093679,0.778351579578025,0.273899738677625,3.78030716231715,3.4270095376162,0.265051626157353,56.6189348792404,-0.187090512907897,3.00046050314731,42.800903440281,-0.0243724346142023,3.38747761991468,104.217653862689,86.962584229762,0.0300544323696166,-0.0450273348430732,0.344643840213829,1.14876814938065,1.32888685070193,0.399317697474485,0.612908653808975,0.684600465011436,0.335558088335234,9.84229990435148,1.99800985057859,13.3459418146726,11.4876814938065,0.35,0.183333333333333,0.533333333333333,18.25,0.0050145830188832,-0.130137490234294,-0.0841038227312383,0.100669605035946,-0.0115691894909595,1.86605267472718,-1.74402109429285,-0.999999999999998,1111.82943132501
"48",5453,"RED COMET",3,1637.95365063255,188.52341326935,164.486826458247,1.5137667291738,8.39298784115936,157.890907511977,20.8249112828013,-1,-1,-1,0.30480228255397,9.37496326547206,-1,5.41193694951567,1,1.64199384996534,0.244695984154175,-0.0129796930832188,0.017580279378276,3.22131698212327,3.63631546378598,0.180515021664503,47.1532987970291,2.67489317762476,5.34355352616131,84.0801755914625,0.953707884799134,6.15545875092071,141.492837411087,134.765817210501,0.473713040720707,0.54285869979226,0.299102908591712,0.734226473792461,1.08197686003882,0.297209419706285,1.77239062899614,1.65477846034689,0.149595551312688,16.3980701008899,2.10707059593814,12.8922443475791,7.34226473792461,0.357142857142857,0.192982456140351,0.547619047619048,18.9285714285714,0,0.205435415973035,-0.0596882338537471,0.127750979192217,0.1189931600982,5.09561363092221,2.67638783318627,-1,478.947598981601
"49",5468,"Chaos Theory",3,1623.6693142409,130.18336172817,63.181720049154,1.21200913297782,13.6028372477485,95.0872925129357,24.2420222649739,-0.999999999999999,-0.999999999999999,-0.999999999999999,0.415144030722659,13.5260721720167,-0.999999999999999,5.33052325203403,1,2.76593413559124,0.33610925060896,1.37022286226599,1.90695831744516,8.27231399571445,2.95756440117841,0.360740614374107,47.0834890006335,2.14956441059408,3.2600604359762,41.8168190585005,-0.0221135855792046,3.82538973700892,90.081115966541,49.3989391787673,0.223172553971902,0.115963841882915,0.417304396131214,1.26058345842866,1.23792120547742,0.365029919893248,0.973827222020075,0.925757935241973,0.302109165431173,8.95028655368255,2.57865017793009,17.1235788991122,12.6058345842866,0.333333333333333,0.55952380952381,0.574074074074074,18.6111111111111,0.212676437214847,-0.19550412775547,0.289715921478902,-0.307624540207719,0.579900426290749,-4.18166828573577,15.9460902646633,-0.999999999999999,NA
"50",5522,"Stargazer",3,1587.74462336388,111.76032296108,50.1851418473303,0.602702548067829,8.87106813183223,84.6816493461217,18.5079353347656,-1,-1,-1,0.145927334693324,19.6967815419116,-1,3.63176951005738,0.95,2.56463372979013,0.298752228493123,0.0550155810972954,0.057286958945348,5.23929862177484,5.96528546032154,0.0936521267903905,34.9684197151284,1.88847320649527,2.63114953897817,36.5331214981346,0.72125259515851,1.06142871983697,75.1941194720781,39.4170206287609,0.261459699554154,0.361938198617819,0.271457928435292,0.486537404039946,0.790890710727149,0.201046676917294,0.554626820379997,0.74467706546374,0.149571992013175,9.48752987404354,2.41219432707086,11.2303669672953,4.86537404039946,0.15,0.208333333333333,0.358333333333333,13.75,0,0.163160229357391,0.151053086726568,-0.125255142474657,-0.0422238114109102,-2.31557741507947,-0.300329851639914,-1,152.627742724687
"51",5584,"i c robotics",3,1706.36115053085,222.621740179861,201.192446211872,2.10729954039085,20.2030796713815,124.045751221183,43.8454183726814,-1,-1,-1,0.29454158076973,14.8266300253132,-1,4.64686522569036,1,7.20093013866652,0.704688468176491,0.577177084179034,1.04672196932764,15.5562144456911,12.5182113968143,0.505775074042366,55.2288249594719,-0.104069963728677,-0.29882102500017,60.5568059384492,-0.656046880466636,1.84401454804673,117.330824420968,109.895624238966,-0.221356174401926,-0.41087381913759,0.47547083105642,1.36956566397672,1.2825617199888,0.386388176522796,0.30187334503846,0.471297459191841,0.171065679913509,6.71492680021527,-1.0616642920427,31.3399593815982,13.5671232831259,0.764705882352941,0.0686274509803921,0.833333333333333,25.5882352941176,0.349632714366598,-0.379379475979313,0.288047840550244,-0.506843026220258,1.32355817052095,-14.567973035403,34.5291934657751,-1,-77155.6622946205
"52",5716,"Keybot-HGO",3,1577.3194374639,113.951085093187,91.3308733907125,0.595858196071808,9.69519226507952,90.0774687544864,17.2516311947629,-0.999999999999998,-0.999999999999998,-0.999999999999998,0.193634325060251,48.8126980515263,-0.999999999999998,4.61602570385763,0.941176470588235,2.53466109274793,0.3556751357387,0.00492218786301175,0.0558062126044932,5.07916656122189,6.02801248215111,-0.101057743412409,59.2639046825845,0.482913048778284,0.362716541112252,20.8889662733795,0.433077270621232,1.33863933182918,81.8542268289054,67.1827102840162,0.145488493124999,0.31406429104914,0.179484313014004,1.09605854953231,0.918818323001256,0.425056060882138,0.285824895553098,0.411765771065806,0.223774403432625,8.22324192558101,3.1828894337692,3.10815626567061,10.9605854953231,0.0588235294117647,0.303921568627451,0.362745098039216,12.9411764705882,-0.00609292181207988,-0.175505910961242,-0.342699773488883,-0.0358670258792788,-0.0547062289686078,-1.77420520178818,-3.08115459165961,-0.999999999999998,618.360174336561
"53",5818,"Riviera Robotics",3,1794.75719387325,150.474575445562,140.02251950319,0.994018032308412,15.6451849602925,110.139620425292,23.7245370176454,-1,-1,-1,0.355740642780843,46.6177136308661,-1,4.57762053276924,1,3.53091021233596,0.333736967680588,2.00287200142567,1.52996297478955,11.0675644275233,7.63784746680654,0.319116587761481,49.6898482212694,0.849433883354288,3.01748025673485,52.6233130917091,0.89508509058925,3.09342780820857,99.4843013626379,103.750728486913,0.234302500106758,0.14093961233819,0.349423458048076,0.975824324905852,0.952258737002619,0.356108885802717,0.986268825298374,1.03786546319003,0.210104046020264,10.6553190626542,3.59067685510503,12.1913715563219,9.75824324905852,0.526315789473684,0.192982456140351,0.719298245614035,22.3684210526316,-0.0424013113419936,0.341883294768717,0.309242791017876,-0.269451908545373,0.907540884061316,-5.02688123979074,24.2347360566223,-1,888.642997390533
"54",5908,"Spartans",3,1521.23865558402,82.4439110904358,4.74347993330306,0.506023348831298,5.50857336358324,57.232593611628,5.29346150162434,-1,-1,-1,0.171126162464784,5.37953520011438,-1,3.90025013305708,0.722222222222222,0.803186526982001,0.077329860876814,0.00097508828107756,0.0070885409515021,1.60832323052616,-3.47846519122231,-0.0435782224123419,18.6792546716546,-0.638306787024271,-0.725870473535902,38.4109974101709,-0.444907024862372,0.184355728478156,56.5487373367678,32.4396569150226,-0.178669860265009,-0.235906179998159,0.32725762761871,0.173111631914054,0.508371897843044,0.150256002196727,0.000174989643888259,-0.135694462872848,0.386047773566706,0.683856274860186,2.18259678593609,1.37974839654771,1.73111631914054,0,0.240740740740741,0.240740740740741,10.2777777777778,0.00569132157517307,1.43929343331891,0.770698567307841,0.147904352413762,0.42194545708659,10.8940759769386,14.402129263704,-1,225.501733595575
"55",5986,"+ Iron Fangs +",3,1675.11840997551,160.785715407242,139.712261785781,1.00104904910414,8.34728777792263,109.321668343552,12.6119823501512,-0.999999999999999,-0.999999999999999,-0.999999999999999,0.377689410254742,38.6560426423031,-0.999999999999999,4.71774324788803,1,2.33909365449229,0.332036102591986,0.0112243025933547,0.00785140472264342,4.59353085451043,5.02111141323924,0.137115036844285,46.3016957279754,1.0777135733788,3.3744724176969,51.5431997072541,0.248591733484334,2.14382248729548,103.363190340222,96.7661344546327,0.206029515535516,0.104892422007659,0.382185334195398,0.990981087102589,1.08178555706406,0.352930676620534,0.890334205271073,0.844788524036795,0.267991221249719,10.1573325155425,3.91429870565635,1.77982093752938,9.90981087102589,0.0714285714285714,0.37037037037037,0.425925925925926,14.4444444444444,-0.00808948096176293,0.253434424974033,0.563778614394539,-0.459795939761672,1.11171414986397,-10.2277263691716,30.611746818572,-0.999999999999999,459.928704227108
"56",6131,"NLR Robotics",3,1553.08956392856,147.957957576544,69.7223814036891,0.943158145654893,14.186176923514,84.2484065540286,37.0219146403474,-1,-1,-1,0.4337208234161,32.0437571125988,-1,4.6429012080266,1,4.45353714328031,0.382777642098337,0.318100714463375,0.88192217960629,9.54327571548736,8.98212620065395,0.279898674979958,62.5000676187652,5.85688292918112,3.86637224640574,-3.48391932589115,3.60035065045715,2.28237943069068,65.1648999699704,20.2151751676789,1.38924641137688,1.34560604758253,0.427786566333727,1.36412072452423,1.28672772756548,0.38067939663917,1.22865931734959,1.18436754166361,0.0575534040765576,19.0835065840581,2.94660665709682,24.8280103508564,13.6412072452423,0.8,0.273809523809524,0.888888888888889,27,0.121098065484857,-0.479785894448021,1.6002833703793,-0.206074742647727,0.578516376686527,1.12279992788868,19.8653087723701,-1,51.6230141570795
"57",6314,"DM Robotics The WolfPack",3,1479.57338109277,76.8939167496745,-6.1604534713815,0.500090581716712,6.1844900139995,58.8280273739016,15.9539911357822,-1,-1,-1,0.269791391286275,14.5636894232169,-1,5.1469322128829,0.888888888888889,1.09851040069435,0.12830005418246,0.643698994928109,0.980533196017313,2.00982341260771,2.93835337482408,0.0662212877311887,36.6141555060657,0.364737664939985,2.32516385924503,13.4840176232977,-0.28802084566057,2.13658372923347,50.3108662131522,9.29832097490656,0.240469723718892,0.526261870705261,0.416739993288659,1.46201143487469,1.45162351431239,0.325207665874298,0.527557957499101,0.565149056319732,0.357507496848098,8.51716116074934,2.86934149951686,-0.81763630958382,14.6201143487469,0,0.425925925925926,0.425925925925926,15.5555555555556,0.0369472912802197,-0.121085712349682,0.0802481486079285,-0.0777308108734076,0.394801102582199,-2.33222467945565,10.2712683075946,-1,-118521.969224643
"58",6445,"CTEC Robotics",3,1554.39115266664,94.5785841321888,17.5606653520721,0.437829522493231,6.0263508995041,86.9714012095156,17.8172049440282,-1,-1,-1,0.410514039288327,16.4870047749758,-1,4.55022652090939,1,1.47026161614653,0.22490617089138,-0.154623783103782,-0.0233153881209166,1.47691260095885,0.505758925387972,0.197398094585089,39.4107469055496,2.17575951095244,2.71651454825322,26.6179887905073,2.82489938724232,3.33551195121672,71.9536464024691,29.3284024481611,0.723469187221054,0.894867667990359,0.348883874537467,1.14179181316646,1.03394317427967,0.324817956556598,1.09507654244902,1.09876075747967,0.268482665791802,15.0177548070466,3.3464319876858,5.26001820795024,9.3067597394277,0.315789473684211,0.315789473684211,0.631578947368421,21.0526315789474,-0.0317421280675134,-0.266623292751649,0.342168431853423,0.0505019307017383,0.108751555214727,0.923277902658787,1.8285704190535,-1,NA
"59",6822,"THE SHISHKABOTS",3,1429.2879222705,29.1536543133865,-106.397575157917,-0.12598900186927,1.89222948221502,3.07851251504314,1.29948053146696,-1,-1,-1,0.441832018880123,-9.13650244527108,-1,4.41311560553357,0.875,-1.12184667715877,-0.14183469925432,-0.138596384500508,-0.66292652195828,-2.52088612331855,-5.43844280507418,-0.174546866482185,-2.43652450056773,2.62885826748935,0.77102196947356,7.40704079841334,-1.21973424711939,-2.00914331042219,3.73239495689698,-88.1848406731358,0.0247598671056241,0.0587863017838504,0.405778463970794,-0.108498879061783,-0.117349628386222,0.333109204797966,-0.202039952790567,-0.0722131617683968,0.192836196675747,-0.653882441853844,4.02386286678874,-1.50383233949541,-1.22054999582637,0.125,0.125,0.25,10.625,0.0227585613921716,1.18382741018808,-0.19148895217368,-0.18500512591365,0.958539769436296,1.29400890309917,23.006049475039,-1,-99220
"60",6888,"Cav-A-Gears",3,1512.03166206961,85.5454260728232,50.3498479169643,0.588687081870116,6.75259725949713,59.3565130029535,6.721511172538,-1,-1,-1,0.385495987940932,24.2212800022748,-1,5.39958267486015,1,1.45722737213771,0.171159094864511,0.0456974800471982,0.198808834306476,1.3596067244995,-1.66443306487948,0.216092257088561,45.128206214473,1.31090686347691,2.57400307275976,20.9183335413455,2.13631290805824,0.421852731839772,52.0858756553134,31.4723243631922,0.510134147562542,0.316686860483256,0.486798218067264,0.921731567942209,1.08750099055182,0.303606082486664,0.169759393712887,0.15440219157898,0.450720188848081,7.27063734764013,3.00865263340437,-1.67467083235781,9.21731567942209,0,0.319444444444444,0.319444444444444,11.6666666666667,0,-0.0649863758702441,0.534064647006751,-0.234633246940181,0.440929127016921,-6.17246062364249,13.6935514104568,-1,NA
"61",6941,"IronPulse Robotics",3,1544.28578021116,146.315039534876,100.896750520663,0.666126403418612,11.4740757383182,87.8668506935559,23.1377705363583,-1,-1,-1,0.334918909118883,31.0961736457737,-1,5.41400165018469,0.9,2.09149537886514,0.297093927542958,0.938541665201623,0.836341128551611,6.06007408813353,5.42706225247662,0.232588197141016,51.7275404786946,1.5707308661007,5.46513123589455,19.7099846236471,1.19379666848794,0.438446202908977,75.5617869449737,45.5948470556326,0.690644568104089,0.800233513053344,0.41980233058152,1.54782069593402,1.34470852307611,0.470943094776887,0.305517091319568,0.34207154867899,0.371911918169638,12.3050637485822,1.5161405555947,7.65194675146004,15.4782069593402,0.375,0.197916666666667,0.572916666666667,19.0625,0.0951313382191324,-0.212235675528719,0.342677815377711,-0.0393006133600856,0.908401057257296,-0.920731516744584,23.8363425666436,-1,-99648
"62",6952,"Trigger Hole",3,1394.85397617604,84.7126915777176,-10.1063689743781,0.327220651784201,5.96136496108722,65.4916581611169,19.9783359173723,-1,-1,-1,0.29173004978821,20.4093199737128,-1,4.25769832351605,0.933333333333333,0.575796181567803,0.0264120363062686,0.276037137217782,0.0452883994047941,1.70366663757117,2.19455471318809,-0.00301287851753172,40.8253569651381,2.77908878914069,5.20203404379658,12.6741024150161,1.50945359072669,0.863114698561539,59.5646081225123,0.987013960000399,0.548292165894501,0.699462534507485,0.39185850525539,1.17189314519079,1.12374553093235,0.324041529216821,0.481739319458356,0.742340953827573,0.286622857622121,12.8277450963371,2.09141282912076,8.80702062302348,11.7189314519079,0.166666666666667,0.333333333333333,0.5,17.0833333333333,0,-0.0401695251680965,0.108110722563897,0.198026997624809,0.248721296448021,7.16209121495117,5.36990538306977,-1,-1e+05
"63",7057,"Titanators",3,1437.73590923775,66.6859307576506,-54.2924771593414,0.278799554038686,4.89299298266996,49.2901421952173,7.4411520419218,-0.999999999999999,-0.999999999999999,-0.999999999999999,0.385866407009878,11.889917334106,-0.999999999999999,3.5020537341255,0.833333333333333,1.18700474811828,0.260398754415157,-0.279525983187703,-0.100398102793398,1.39093924854445,0.20718329573873,0.168549753098144,38.1799237903149,2.89588190597706,1.71679987120213,9.53261638408385,4.37221867777824,1.29020199978894,40.4173639216939,-20.0497531455926,0.749047994117271,0.724699707663483,0.460608351985414,0.486274328025739,0.657325192952791,0.256498639983711,0.427934162537013,0.392530754088412,0.267067830321966,8.87277827352343,3.2708892951357,1.8822552539212,4.89355683351764,0.0833333333333333,0.25,0.333333333333333,10.8333333333333,-0.0217696305769792,-0.546143958855023,0.603001336513843,0.387458972068655,0.0815926345216021,6.95575450744126,5.05482254560927,-0.999999999999999,-1e+05
"64",7063,"Wagner TSTEM FRC 1",3,1370.15740090174,3.46107853228473,-120.89347078214,-0.254523811875446,1.33973629764826,-10.1965092153831,15.6572530817358,-1,-1,-1,0.209489889865594,-0.0743394882419572,-1,2.60323240339573,0.6,-0.683543218122392,-0.0825677826033425,0.0517951652486552,-0.522999774763154,-1.26349610574747,-2.99227709084421,-0.0169728121700299,-13.4797562270868,-0.38154800651531,-0.470605563836116,-3.18676462981897,1.12824776691216,0.56227974759963,-16.5748466731423,-102.548607476271,0.221790329812175,0.310765301683575,0.233555619684358,0.698297130307358,0.882165234747052,0.23653687508248,-0.140046743519929,0.0827369551212197,0.405068462383831,6.37833745775923,2.35912007352287,6.3151617051393,6.98297130307358,0.3,0.216666666666667,0.516666666666667,18,0.010068163338392,0.841327497750899,-0.522874278170295,-0.315090600600255,-0.0290012096345897,-3.67062752625186,-3.33940163171622,-1,-1e+05
"65",7079,"Co-Bot - Haifa Tech Center",3,1606.34216913955,153.510249531232,79.0604695549378,0.827672991164881,10.8613012724333,103.546197225306,25.2538765189979,-0.999999999999999,-0.999999999999999,-0.999999999999999,0.386409434639309,13.8111329803728,-0.999999999999999,5.460259140456,1,3.52560764950391,0.439646038535802,-0.151565508432564,0.140245967310365,5.98167038925553,0.724570844889679,0.433947118989668,53.3313730463601,4.87361577452273,4.24453336114252,31.5107612188583,2.76272977894905,2.42975230972186,88.8332797932628,52.3707326689758,1.02654116707675,1.14347878443886,0.385214546346583,1.42003293479849,1.34925296146156,0.364055721650262,1.04987110365663,1.02842509681614,0.439806661336609,14.7129174320429,3.78552608771095,13.6840921330226,14.2003293479849,0.411764705882353,0.346153846153846,0.607843137254902,20,0.0677740609672127,0.222005384153461,0.712061491861238,0.144677589942878,0.749152780990982,9.77244932867351,17.6244583061166,-0.999999999999999,NA
"66",7179,"Crossfire",3,1674.01241066021,151.767435873029,132.72069573381,1.3038501360889,15.0090753331093,98.3831043047841,22.4111705225215,-1,-1,-1,0.325812266618784,65.0254637620773,-1,5.1308420867534,0.944444444444444,4.94546533515323,0.500684263191829,0.759703439596637,1.22570469476212,9.87823324635589,10.2505069799261,0.341515900422413,63.9069503866723,6.16298701760486,4.52387608267604,24.1220627090563,6.40739758163769,-0.0618864757923707,73.4231659838338,86.1430496000602,2.08858347364331,2.16635384455827,0.215392144158863,1.70506904698563,1.46792945962639,0.487861197794088,1.6464708060411,1.7573286791198,0.0304418732243472,25.3171779408113,3.05195959358623,2.308520459079,17.0506904698562,0.0555555555555556,0.324074074074074,0.37962962962963,13.6111111111111,0.00355240423087757,0.118157067152603,0.598195216459106,-0.0425038076258189,0.888621493834926,-0.0334150326960519,21.6145790777696,-1,-1e+05
"67",7287,"Esquimalt Atom Smashers",3,1471.81374033244,108.687420352408,16.519577553829,0.71555020653967,6.64561530064988,76.1182778879806,26.5685760032527,-1,-1,-1,0.350844519322424,1.54634618212279,-1,5.14874111365269,1,0.936835927017037,0.117871318639452,-0.188398833518445,0.136515101886653,1.49687418699719,1.60137861184736,0.190711796085413,24.4596614227507,2.27179187599842,5.19259681222443,17.2942459851522,7.03568883477707,2.5184357983854,49.4649400185128,-13.7254390362533,1.74283236917213,2.14491389887636,0.161913851796831,1.47513672789271,1.38096726116929,0.379831850780419,1.69287761704789,1.80478641384791,-0.0378690826139624,26.6533378694678,2.6233717672346,9.19383695709094,14.7513672789271,0.142857142857143,0.285714285714286,0.428571428571429,16.7857142857143,0,0.890394815793713,-0.266141690222743,-0.247683380282112,0.0274263844655642,-1.74011042808423,-0.645048839474611,-1,-1e+05
